Title,Company,Location,Stipend,Link
N/A,N/A,N/A,N/A,N/A
"Software Development Engineer I, Amazon University Talent Acquisition",Amazon,N/A,Not provided,/internship/detail/software-development-engineer-i-amazon-university-talent-acquisition-internship-in-multiple-locations-at-amazon1743233303
Software Development Engineer I – Amazon University Talent Acquisition,Amazon,N/A,Not provided,/internship/detail/software-development-engineer-i--amazon-university-talent-acquisition-internship-in-bangalore-at-amazon1743231821
"Software Development Engineer I, Amazon University Talent Acquisition",Amazon,N/A,Not provided,/internship/detail/software-development-engineer-i-amazon-university-talent-acquisition-internship-in-bangalore-at-amazon1743165886
Laravel PHP,IThink Logistic Quick Services Private Limited,N/A,"₹ 5,000 /month",/internship/detail/laravel-php-internship-in-mumbai-at-ithink-logistic-quick-services-private-limited1747192327
Java Development,Maxgen Technologies Private Limited,N/A,"₹ 7,000 - 12,000 /month",/internship/detail/java-development-internship-in-pune-at-maxgen-technologies-private-limited1747190303
Artificial Intelligence (AI),Serverconfigs Solutions,N/A,"₹ 5,000 - 15,000 /month",/internship/detail/artificial-intelligence-ai-internship-in-thiruvananthapuram-at-serverconfigs-solutions1747130033
PHP Development,Webgenesis,N/A,"₹ 2,000 - 2,200 /month",/internship/detail/php-development-internship-in-jaipur-at-webgenesis1747112371
Artificial Neural Networks,Santokyo XiLab,N/A,Unpaid,/internship/detail/artificial-neural-networks-internship-in-narsapur-at-santokyo-xilab1747054015
Product & Tech Operations (AI Tools + Automation),MUHAMMED MUBASHIR,N/A,"₹ 2,000 - 3,000 /month",/internship/detail/product-tech-operations-ai-tools-automation-internship-in-multiple-locations-at-muhammed-mubashir1747042077
